<?xml version = '1.0' encoding = 'UTF-8'?>
<Diagram class="oracle.dbtools.crest.swingui.logical.DPVLogical" name="Logical" id="6E3AE4A8-23B0-84B3-B013-18FD2C3B3291">
<createdBy>David</createdBy>
<modifiedBy>David</modifiedBy>
<createdTime>2024-11-11 23:58:27 UTC</createdTime>
<autoRoute>false</autoRoute>
<boxInbox>true</boxInbox>
<showLegend>false</showLegend>
<showLabels>false</showLabels>
<showRelAttributes>false</showRelAttributes>
<gridEnabled>false</gridEnabled>
<showGrid>false</showGrid>
<diagramColor>-1</diagramColor>
<display>false</display>
<notation>1</notation>
<objectViews>
<OView class="oracle.dbtools.crest.swingui.logical.TVEntity" oid="2F1CBD2A-BB48-958B-7349-DB4B4F52328A" otype="Entity" vid="0C617D98-E0CF-9F08-B214-37AC6BBF675A">
<hideElementsInCurrentOnly>false</hideElementsInCurrentOnly>
<bounds x="182" y="20" width="307" height="110"/>
</OView>
<OView class="oracle.dbtools.crest.swingui.logical.TVEntity" oid="31B7A3BC-C8A6-F816-00DC-57A8DE1E93FD" otype="Entity" vid="60BD8D55-89EB-8D90-F914-EA696C9A7899">
<hideElementsInCurrentOnly>false</hideElementsInCurrentOnly>
<bounds x="176" y="410" width="217" height="155"/>
</OView>
<OView class="oracle.dbtools.crest.swingui.logical.TVEntity" oid="32C5D107-57B4-E59C-671C-1BBD963AFFF9" otype="Entity" vid="AD4436BF-D504-3E7C-58D2-F9A510B3A8FC">
<hideElementsInCurrentOnly>false</hideElementsInCurrentOnly>
<bounds x="533" y="400" width="271" height="148"/>
</OView>
<OView class="oracle.dbtools.crest.swingui.logical.TVEntity" oid="50ECCC1C-7437-705D-BD2A-6BB15F8E648E" otype="Entity" vid="A276EB9C-4A12-2083-1C41-D3C78E7E75B7">
<hideElementsInCurrentOnly>false</hideElementsInCurrentOnly>
<bounds x="656" y="11" width="254" height="93"/>
</OView>
<OView class="oracle.dbtools.crest.swingui.logical.TVEntity" oid="7306B80E-BED9-2EBD-7EA4-4D9CE359F888" otype="Entity" vid="6F1846FE-06BA-9949-B2F0-10185E8BBAC2">
<hideElementsInCurrentOnly>false</hideElementsInCurrentOnly>
<bounds x="830" y="401" width="270" height="151"/>
</OView>
<OView class="oracle.dbtools.crest.swingui.logical.TVEntity" oid="9BDF3B69-8AC8-C676-5309-768D480DF5BE" otype="Entity" vid="CA23D5FF-3698-D571-1EB0-C26B141C3286">
<hideElementsInCurrentOnly>false</hideElementsInCurrentOnly>
<bounds x="516" y="217" width="156" height="103"/>
</OView>
<OView class="oracle.dbtools.crest.swingui.logical.TVEntity" oid="D8726599-29F3-A56A-0D34-7A011080EE70" otype="Entity" vid="3214EF53-2EB3-1F4C-B9EA-D1AC963FA12A">
<hideElementsInCurrentOnly>false</hideElementsInCurrentOnly>
<bounds x="230" y="189" width="230" height="150"/>
</OView>
<OView class="oracle.dbtools.crest.swingui.logical.TVEntity" oid="EB3893DB-227E-090A-F8DA-44B5E3E6EF86" otype="Entity" vid="7872DA78-D238-7E8F-A505-EB39A37E08C7">
<hideElementsInCurrentOnly>false</hideElementsInCurrentOnly>
<bounds x="9" y="191" width="198" height="116"/>
</OView>
</objectViews>
<connectors>
<Connector class="oracle.dbtools.crest.swingui.logical.TVRelation" oid="09EAE207-54FA-E069-2D91-2BF6DEDBC136" otype="Relation" vid_source="0C617D98-E0CF-9F08-B214-37AC6BBF675A" vid_target="3214EF53-2EB3-1F4C-B9EA-D1AC963FA12A">
<hideElementsInCurrentOnly>false</hideElementsInCurrentOnly>
<backgroundColor>-16777216</backgroundColor>
<lineWidth>1</lineWidth>
<points>
<point x="345" y="130"/>
<point x="345" y="189"/>
</points>
</Connector>
<Connector class="oracle.dbtools.crest.swingui.logical.TVRelation" oid="0F564474-C5A5-4360-0D70-F61C2516A8CA" otype="Relation" vid_source="0C617D98-E0CF-9F08-B214-37AC6BBF675A" vid_target="7872DA78-D238-7E8F-A505-EB39A37E08C7">
<hideElementsInCurrentOnly>false</hideElementsInCurrentOnly>
<backgroundColor>-16777216</backgroundColor>
<lineWidth>1</lineWidth>
<points>
<point x="194" y="130"/>
<point x="194" y="191"/>
</points>
</Connector>
<Connector class="oracle.dbtools.crest.swingui.logical.TVRelation" oid="0F690434-C4E1-C50E-2BFF-1BB12C35F3D5" otype="Relation" vid_source="3214EF53-2EB3-1F4C-B9EA-D1AC963FA12A" vid_target="60BD8D55-89EB-8D90-F914-EA696C9A7899">
<hideElementsInCurrentOnly>false</hideElementsInCurrentOnly>
<backgroundColor>-16777216</backgroundColor>
<lineWidth>1</lineWidth>
<points>
<point x="311" y="339"/>
<point x="311" y="410"/>
</points>
</Connector>
<Connector class="oracle.dbtools.crest.swingui.logical.TVRelation" oid="183028EA-D3A8-A9A4-E461-43CFAFC8C503" otype="Relation" vid_source="0C617D98-E0CF-9F08-B214-37AC6BBF675A" vid_target="CA23D5FF-3698-D571-1EB0-C26B141C3286">
<hideElementsInCurrentOnly>false</hideElementsInCurrentOnly>
<backgroundColor>-16777216</backgroundColor>
<lineWidth>1</lineWidth>
<points>
<point x="408" y="130"/>
<point x="525" y="217"/>
</points>
</Connector>
<Connector class="oracle.dbtools.crest.swingui.logical.TVRelation" oid="70D37139-E20D-5D7E-9935-B8FC38FC9128" otype="Relation" vid_source="CA23D5FF-3698-D571-1EB0-C26B141C3286" vid_target="60BD8D55-89EB-8D90-F914-EA696C9A7899">
<hideElementsInCurrentOnly>false</hideElementsInCurrentOnly>
<backgroundColor>-16777216</backgroundColor>
<lineWidth>1</lineWidth>
<points>
<point x="521" y="320"/>
<point x="393" y="410"/>
</points>
</Connector>
<Connector class="oracle.dbtools.crest.swingui.logical.TVRelation" oid="A1DBA16A-E1D7-F374-39A3-F39ECF1C97DE" otype="Relation" vid_source="60BD8D55-89EB-8D90-F914-EA696C9A7899" vid_target="AD4436BF-D504-3E7C-58D2-F9A510B3A8FC">
<hideElementsInCurrentOnly>false</hideElementsInCurrentOnly>
<backgroundColor>-16777216</backgroundColor>
<lineWidth>1</lineWidth>
<points>
<point x="393" y="479"/>
<point x="533" y="479"/>
</points>
</Connector>
<Connector class="oracle.dbtools.crest.swingui.logical.TVRelation" oid="BA3E9486-CEE9-EEBB-10A9-EFEC9D22B60D" otype="Relation" vid_source="7872DA78-D238-7E8F-A505-EB39A37E08C7" vid_target="60BD8D55-89EB-8D90-F914-EA696C9A7899">
<hideElementsInCurrentOnly>false</hideElementsInCurrentOnly>
<backgroundColor>-16777216</backgroundColor>
<lineWidth>1</lineWidth>
<points>
<point x="191" y="307"/>
<point x="191" y="410"/>
</points>
</Connector>
<Connector class="oracle.dbtools.crest.swingui.logical.TVRelation" oid="C2C96140-2E49-AB26-2219-35C277BF0654" otype="Relation" vid_source="6F1846FE-06BA-9949-B2F0-10185E8BBAC2" vid_target="AD4436BF-D504-3E7C-58D2-F9A510B3A8FC">
<hideElementsInCurrentOnly>false</hideElementsInCurrentOnly>
<backgroundColor>-16777216</backgroundColor>
<lineWidth>1</lineWidth>
<points>
<point x="830" y="489"/>
<point x="804" y="489"/>
</points>
</Connector>
<Connector class="oracle.dbtools.crest.swingui.logical.TVRelation" oid="C97DD3A0-1967-B1E5-1017-423761105204" otype="Relation" vid_source="A276EB9C-4A12-2083-1C41-D3C78E7E75B7" vid_target="0C617D98-E0CF-9F08-B214-37AC6BBF675A">
<hideElementsInCurrentOnly>false</hideElementsInCurrentOnly>
<backgroundColor>-16777216</backgroundColor>
<lineWidth>1</lineWidth>
<points>
<point x="656" y="62"/>
<point x="489" y="62"/>
</points>
</Connector>
</connectors>
</Diagram>