<?xml version = '1.0' encoding = 'UTF-8'?>
<Relation class="oracle.dbtools.crest.model.design.logical.Relation" name="Relation_2" directorySegmentName="seg_0" id="0F564474-C5A5-4360-0D70-F61C2516A8CA">
<createdBy>David</createdBy>
<createdTime>2024-11-12 00:15:27 UTC</createdTime>
<ownerDesignName>Modelo_Base_De_Datos</ownerDesignName>
<engineerTo>
<item key="1DA7B867-9E07-88C7-FEFE-5B6F27C1B7ED" value="true"/>
</engineerTo>
<sourcePk>C3AADE11-8217-86B4-C0B1-2BAB0C2D6060</sourcePk>
<identifying>false</identifying>
<optionalSource>true</optionalSource>
<optionalTarget>false</optionalTarget>
<sourceCardinality>1</sourceCardinality>
<sourceEntity>2F1CBD2A-BB48-958B-7349-DB4B4F52328A</sourceEntity>
<targetCardinalityString>*</targetCardinalityString>
<targetEntity>EB3893DB-227E-090A-F8DA-44B5E3E6EF86</targetEntity>
<transferable>true</transferable>
<deleteRule>NO ACTION</deleteRule>
</Relation>