<?xml version = '1.0' encoding = 'UTF-8'?>
<Relation class="oracle.dbtools.crest.model.design.logical.Relation" name="Relation_13" directorySegmentName="seg_0" id="0F690434-C4E1-C50E-2BFF-1BB12C35F3D5">
<createdBy>David</createdBy>
<createdTime>2024-11-12 00:47:46 UTC</createdTime>
<ownerDesignName>Modelo_Base_De_Datos</ownerDesignName>
<engineerTo>
<item key="1DA7B867-9E07-88C7-FEFE-5B6F27C1B7ED" value="true"/>
</engineerTo>
<sourcePk>56049CB7-2C71-BBE7-E6A8-D8B35E2AEF3E</sourcePk>
<identifying>false</identifying>
<optionalSource>true</optionalSource>
<optionalTarget>false</optionalTarget>
<sourceCardinality>1</sourceCardinality>
<sourceEntity>D8726599-29F3-A56A-0D34-7A011080EE70</sourceEntity>
<targetCardinalityString>*</targetCardinalityString>
<targetEntity>31B7A3BC-C8A6-F816-00DC-57A8DE1E93FD</targetEntity>
<transferable>true</transferable>
<deleteRule>NO ACTION</deleteRule>
</Relation>