<?xml version = '1.0' encoding = 'UTF-8'?>
<Relation class="oracle.dbtools.crest.model.design.logical.Relation" name="Relation_6" directorySegmentName="seg_0" id="70D37139-E20D-5D7E-9935-B8FC38FC9128">
<createdBy>David</createdBy>
<createdTime>2024-11-12 00:19:55 UTC</createdTime>
<ownerDesignName>Modelo_Base_De_Datos</ownerDesignName>
<engineerTo>
<item key="1DA7B867-9E07-88C7-FEFE-5B6F27C1B7ED" value="true"/>
</engineerTo>
<sourcePk>DF67CDF5-33F5-2ED2-864A-6F24770B4084</sourcePk>
<identifying>false</identifying>
<optionalSource>true</optionalSource>
<optionalTarget>false</optionalTarget>
<sourceCardinality>1</sourceCardinality>
<sourceEntity>9BDF3B69-8AC8-C676-5309-768D480DF5BE</sourceEntity>
<targetCardinalityString>*</targetCardinalityString>
<targetEntity>31B7A3BC-C8A6-F816-00DC-57A8DE1E93FD</targetEntity>
<transferable>true</transferable>
<deleteRule>NO ACTION</deleteRule>
</Relation>