<?xml version = '1.0' encoding = 'UTF-8'?>
<Relation class="oracle.dbtools.crest.model.design.logical.Relation" name="Relation_11" directorySegmentName="seg_0" id="A1DBA16A-E1D7-F374-39A3-F39ECF1C97DE">
<createdBy>David</createdBy>
<createdTime>2024-11-12 00:29:11 UTC</createdTime>
<ownerDesignName>Modelo_Base_De_Datos</ownerDesignName>
<engineerTo>
<item key="1DA7B867-9E07-88C7-FEFE-5B6F27C1B7ED" value="true"/>
</engineerTo>
<sourcePk>A88A1FAA-915A-04D3-29A3-46CDD8F1A69C</sourcePk>
<identifying>false</identifying>
<optionalSource>true</optionalSource>
<optionalTarget>false</optionalTarget>
<sourceCardinality>1</sourceCardinality>
<sourceEntity>31B7A3BC-C8A6-F816-00DC-57A8DE1E93FD</sourceEntity>
<targetCardinalityString>*</targetCardinalityString>
<targetEntity>32C5D107-57B4-E59C-671C-1BBD963AFFF9</targetEntity>
<transferable>true</transferable>
<deleteRule>NO ACTION</deleteRule>
</Relation>