<?xml version = '1.0' encoding = 'UTF-8'?>
<Relation class="oracle.dbtools.crest.model.design.logical.Relation" name="Relation_5" directorySegmentName="seg_0" id="BA3E9486-CEE9-EEBB-10A9-EFEC9D22B60D">
<createdBy>David</createdBy>
<createdTime>2024-11-12 00:19:51 UTC</createdTime>
<ownerDesignName>Modelo_Base_De_Datos</ownerDesignName>
<engineerTo>
<item key="1DA7B867-9E07-88C7-FEFE-5B6F27C1B7ED" value="true"/>
</engineerTo>
<sourcePk>A80AA02F-24CE-47D4-625B-DDB970ADC8EF</sourcePk>
<identifying>false</identifying>
<optionalSource>true</optionalSource>
<optionalTarget>false</optionalTarget>
<sourceCardinality>1</sourceCardinality>
<sourceEntity>EB3893DB-227E-090A-F8DA-44B5E3E6EF86</sourceEntity>
<targetCardinalityString>*</targetCardinalityString>
<targetEntity>31B7A3BC-C8A6-F816-00DC-57A8DE1E93FD</targetEntity>
<transferable>true</transferable>
<deleteRule>NO ACTION</deleteRule>
</Relation>