<?xml version = '1.0' encoding = 'UTF-8'?>
<Relation class="oracle.dbtools.crest.model.design.logical.Relation" name="Relation_10" directorySegmentName="seg_0" id="C2C96140-2E49-AB26-2219-35C277BF0654">
<createdBy>David</createdBy>
<createdTime>2024-11-12 00:28:59 UTC</createdTime>
<ownerDesignName>Modelo_Base_De_Datos</ownerDesignName>
<engineerTo>
<item key="1DA7B867-9E07-88C7-FEFE-5B6F27C1B7ED" value="true"/>
</engineerTo>
<sourcePk>CA3F56E7-A2B6-7164-8A78-425DA2A4DBD8</sourcePk>
<identifying>false</identifying>
<optionalSource>true</optionalSource>
<optionalTarget>false</optionalTarget>
<sourceCardinality>1</sourceCardinality>
<sourceEntity>7306B80E-BED9-2EBD-7EA4-4D9CE359F888</sourceEntity>
<targetCardinalityString>*</targetCardinalityString>
<targetEntity>32C5D107-57B4-E59C-671C-1BBD963AFFF9</targetEntity>
<transferable>true</transferable>
<deleteRule>NO ACTION</deleteRule>
</Relation>