<?xml version = '1.0' encoding = 'UTF-8'?>
<Relation class="oracle.dbtools.crest.model.design.logical.Relation" name="Relation_1" directorySegmentName="seg_0" id="C97DD3A0-1967-B1E5-1017-423761105204">
<createdBy>David</createdBy>
<createdTime>2024-11-12 00:08:18 UTC</createdTime>
<ownerDesignName>Modelo_Base_De_Datos</ownerDesignName>
<engineerTo>
<item key="1DA7B867-9E07-88C7-FEFE-5B6F27C1B7ED" value="true"/>
</engineerTo>
<sourcePk>ED7CB9E2-9286-C32F-2FCA-1F7601B42860</sourcePk>
<identifying>false</identifying>
<optionalSource>true</optionalSource>
<optionalTarget>false</optionalTarget>
<sourceCardinality>1</sourceCardinality>
<sourceEntity>50ECCC1C-7437-705D-BD2A-6BB15F8E648E</sourceEntity>
<targetCardinalityString>*</targetCardinalityString>
<targetEntity>2F1CBD2A-BB48-958B-7349-DB4B4F52328A</targetEntity>
<transferable>true</transferable>
<deleteRule>NO ACTION</deleteRule>
</Relation>