<?xml version = '1.0' encoding = 'UTF-8'?>
<FKIndexAssociation class="oracle.dbtools.crest.model.design.relational.FKIndexAssociation" directorySegmentName="seg_0" id="20414748-3BF1-13B7-770F-7346E321BD84" containerWithKeyObject="422086BC-04DE-42B7-B5EA-DD6DF053B59F" localFKIndex="E730D369-6535-1BD1-BBAE-897CA8995731" name="Historial_Modificacion_FK">
<createdBy>David</createdBy>
<createdTime>2024-11-12 00:48:37 UTC</createdTime>
<generatorID>0F690434-C4E1-C50E-2BFF-1BB12C35F3D5</generatorID>
<ownerDesignName>Modelo_Base_De_Datos</ownerDesignName>
<referredTableLongName>Modificacion</referredTableLongName>
<deleteRule>NO ACTION</deleteRule>
<referredTableID>9B09A772-5036-BB9E-7493-A297EE85B5C4</referredTableID>
<keyObject>F1234912-D40F-1204-016C-00CF40E9A249</keyObject>
<referredKeyID>F1234912-D40F-1204-016C-00CF40E9A249</referredKeyID>
<mandatory>true</mandatory>
<refColNames>id_modificacion</refColNames>
<transferable>true</transferable>
<rely>false</rely>
<columnDependencyConstraintGenerateInDDL>true</columnDependencyConstraintGenerateInDDL>
</FKIndexAssociation>