<?xml version = '1.0' encoding = 'UTF-8'?>
<FKIndexAssociation class="oracle.dbtools.crest.model.design.relational.FKIndexAssociation" directorySegmentName="seg_0" id="2A33D7EF-1522-2044-90F3-64BB1F5E6701" containerWithKeyObject="EC8A6E46-E7E2-2257-9E21-C33D195BEF79" localFKIndex="D733E2EF-8532-973E-94D9-41FDFB6E38D7" name="Producto_Categoria_FK">
<createdBy>David</createdBy>
<createdTime>2024-11-12 00:37:40 UTC</createdTime>
<generatorID>C97DD3A0-1967-B1E5-1017-423761105204</generatorID>
<ownerDesignName>Modelo_Base_De_Datos</ownerDesignName>
<referredTableLongName>Categoria</referredTableLongName>
<deleteRule>NO ACTION</deleteRule>
<referredTableID>6531E187-E741-ADF3-6DC7-8775EAA96ABC</referredTableID>
<keyObject>B8F2064A-70C6-CDB5-C01C-9AA378AE6043</keyObject>
<referredKeyID>B8F2064A-70C6-CDB5-C01C-9AA378AE6043</referredKeyID>
<mandatory>true</mandatory>
<refColNames>id_categoria</refColNames>
<transferable>true</transferable>
<rely>false</rely>
<columnDependencyConstraintGenerateInDDL>true</columnDependencyConstraintGenerateInDDL>
</FKIndexAssociation>