<?xml version = '1.0' encoding = 'UTF-8'?>
<FKIndexAssociation class="oracle.dbtools.crest.model.design.relational.FKIndexAssociation" directorySegmentName="seg_0" id="54804831-AF1A-99D3-2274-5C05A42735AD" containerWithKeyObject="422086BC-04DE-42B7-B5EA-DD6DF053B59F" localFKIndex="36AE77B9-89A6-5589-2E56-C2B90ED35547" name="Historial_Ingresos_FK">
<createdBy>David</createdBy>
<createdTime>2024-11-12 00:37:40 UTC</createdTime>
<generatorID>BA3E9486-CEE9-EEBB-10A9-EFEC9D22B60D</generatorID>
<ownerDesignName>Modelo_Base_De_Datos</ownerDesignName>
<referredTableLongName>Ingresos</referredTableLongName>
<deleteRule>NO ACTION</deleteRule>
<referredTableID>6EEE6554-EB72-2FC6-095F-620B5AC681A4</referredTableID>
<keyObject>D72EF3A1-4F78-5BEA-C725-43FB769031A6</keyObject>
<referredKeyID>D72EF3A1-4F78-5BEA-C725-43FB769031A6</referredKeyID>
<mandatory>true</mandatory>
<refColNames>id_ingreso</refColNames>
<transferable>true</transferable>
<rely>false</rely>
<columnDependencyConstraintGenerateInDDL>true</columnDependencyConstraintGenerateInDDL>
</FKIndexAssociation>