<?xml version = '1.0' encoding = 'UTF-8'?>
<FKIndexAssociation class="oracle.dbtools.crest.model.design.relational.FKIndexAssociation" directorySegmentName="seg_0" id="61CCF947-642C-41A3-3971-FB6352197B57" containerWithKeyObject="6EEE6554-EB72-2FC6-095F-620B5AC681A4" localFKIndex="6920583B-98A8-47EA-4449-834EA122DCCA" name="Ingresos_Producto_FK">
<createdBy>David</createdBy>
<createdTime>2024-11-12 00:37:40 UTC</createdTime>
<generatorID>0F564474-C5A5-4360-0D70-F61C2516A8CA</generatorID>
<ownerDesignName>Modelo_Base_De_Datos</ownerDesignName>
<referredTableLongName>Producto</referredTableLongName>
<deleteRule>NO ACTION</deleteRule>
<referredTableID>EC8A6E46-E7E2-2257-9E21-C33D195BEF79</referredTableID>
<keyObject>72AF4768-4605-9BDE-D313-B14F06EBCD7A</keyObject>
<referredKeyID>72AF4768-4605-9BDE-D313-B14F06EBCD7A</referredKeyID>
<mandatory>true</mandatory>
<refColNames>id_producto</refColNames>
<transferable>true</transferable>
<rely>false</rely>
<columnDependencyConstraintGenerateInDDL>true</columnDependencyConstraintGenerateInDDL>
</FKIndexAssociation>