<?xml version = '1.0' encoding = 'UTF-8'?>
<FKIndexAssociation class="oracle.dbtools.crest.model.design.relational.FKIndexAssociation" directorySegmentName="seg_0" id="670CD282-2C0E-274C-9275-BB376CE65365" containerWithKeyObject="9B09A772-5036-BB9E-7493-A297EE85B5C4" localFKIndex="4ADA2343-04FA-BD74-6050-5E8DB48EE111" name="Modificacion_Producto_FK">
<createdBy>David</createdBy>
<createdTime>2024-11-12 00:48:37 UTC</createdTime>
<generatorID>09EAE207-54FA-E069-2D91-2BF6DEDBC136</generatorID>
<ownerDesignName>Modelo_Base_De_Datos</ownerDesignName>
<referredTableLongName>Producto</referredTableLongName>
<deleteRule>NO ACTION</deleteRule>
<referredTableID>EC8A6E46-E7E2-2257-9E21-C33D195BEF79</referredTableID>
<keyObject>72AF4768-4605-9BDE-D313-B14F06EBCD7A</keyObject>
<referredKeyID>72AF4768-4605-9BDE-D313-B14F06EBCD7A</referredKeyID>
<mandatory>true</mandatory>
<refColNames>id_producto</refColNames>
<transferable>true</transferable>
<rely>false</rely>
<columnDependencyConstraintGenerateInDDL>true</columnDependencyConstraintGenerateInDDL>
</FKIndexAssociation>