<?xml version = '1.0' encoding = 'UTF-8'?>
<FKIndexAssociation class="oracle.dbtools.crest.model.design.relational.FKIndexAssociation" directorySegmentName="seg_0" id="8EF47D5A-2011-A508-963D-BD9B91D49B77" containerWithKeyObject="422086BC-04DE-42B7-B5EA-DD6DF053B59F" localFKIndex="327732FE-28C4-262A-FD77-5322A3958681" name="Historial_Salidas_FK">
<createdBy>David</createdBy>
<createdTime>2024-11-12 00:37:40 UTC</createdTime>
<generatorID>70D37139-E20D-5D7E-9935-B8FC38FC9128</generatorID>
<ownerDesignName>Modelo_Base_De_Datos</ownerDesignName>
<referredTableLongName>Salidas</referredTableLongName>
<deleteRule>NO ACTION</deleteRule>
<referredTableID>490A7552-C8C7-0ABC-FC89-D1AFB9140388</referredTableID>
<keyObject>8A88F69A-E954-2BFA-4538-1D53A0944ADF</keyObject>
<referredKeyID>8A88F69A-E954-2BFA-4538-1D53A0944ADF</referredKeyID>
<mandatory>true</mandatory>
<refColNames>salida_id</refColNames>
<transferable>true</transferable>
<rely>false</rely>
<columnDependencyConstraintGenerateInDDL>true</columnDependencyConstraintGenerateInDDL>
</FKIndexAssociation>