<?xml version = '1.0' encoding = 'UTF-8'?>
<FKIndexAssociation class="oracle.dbtools.crest.model.design.relational.FKIndexAssociation" directorySegmentName="seg_0" id="B89ECC5B-CC17-D9B4-D3FE-5D733742FE34" containerWithKeyObject="490A7552-C8C7-0ABC-FC89-D1AFB9140388" localFKIndex="5605FCDC-14AE-9593-ABD9-B016DB164621" name="Salidas_Producto_FK">
<createdBy>David</createdBy>
<createdTime>2024-11-12 00:37:40 UTC</createdTime>
<generatorID>183028EA-D3A8-A9A4-E461-43CFAFC8C503</generatorID>
<ownerDesignName>Modelo_Base_De_Datos</ownerDesignName>
<referredTableLongName>Producto</referredTableLongName>
<deleteRule>NO ACTION</deleteRule>
<referredTableID>EC8A6E46-E7E2-2257-9E21-C33D195BEF79</referredTableID>
<keyObject>72AF4768-4605-9BDE-D313-B14F06EBCD7A</keyObject>
<referredKeyID>72AF4768-4605-9BDE-D313-B14F06EBCD7A</referredKeyID>
<mandatory>true</mandatory>
<refColNames>id_producto</refColNames>
<transferable>true</transferable>
<rely>false</rely>
<columnDependencyConstraintGenerateInDDL>true</columnDependencyConstraintGenerateInDDL>
</FKIndexAssociation>