<?xml version = '1.0' encoding = 'UTF-8'?>
<FKIndexAssociation class="oracle.dbtools.crest.model.design.relational.FKIndexAssociation" directorySegmentName="seg_0" id="E37DCAB6-CF45-1BAF-3096-D7042CAE3A26" containerWithKeyObject="96867B54-634A-AF96-7D0D-102F7DE380F7" localFKIndex="5815FF6C-DC1D-82CC-6E57-C4881C618DEB" name="Usuario_Historial_FK">
<createdBy>David</createdBy>
<createdTime>2024-11-12 00:37:40 UTC</createdTime>
<generatorID>A1DBA16A-E1D7-F374-39A3-F39ECF1C97DE</generatorID>
<ownerDesignName>Modelo_Base_De_Datos</ownerDesignName>
<referredTableLongName>Historial</referredTableLongName>
<deleteRule>NO ACTION</deleteRule>
<referredTableID>422086BC-04DE-42B7-B5EA-DD6DF053B59F</referredTableID>
<keyObject>7D6C479D-0FF0-3124-7C08-677D54263C72</keyObject>
<referredKeyID>7D6C479D-0FF0-3124-7C08-677D54263C72</referredKeyID>
<mandatory>true</mandatory>
<refColNames>id_historial</refColNames>
<transferable>true</transferable>
<rely>false</rely>
<columnDependencyConstraintGenerateInDDL>true</columnDependencyConstraintGenerateInDDL>
</FKIndexAssociation>