<?xml version = '1.0' encoding = 'UTF-8'?>
<FKIndexAssociation class="oracle.dbtools.crest.model.design.relational.FKIndexAssociation" directorySegmentName="seg_0" id="F12E3B42-26C2-CE0B-7547-89EF3A0FB0A5" containerWithKeyObject="96867B54-634A-AF96-7D0D-102F7DE380F7" localFKIndex="744C8A3E-AF2E-9236-0EE9-C871CA2B2CFE" name="Usuario_rol_FK">
<createdBy>David</createdBy>
<createdTime>2024-11-12 00:37:40 UTC</createdTime>
<generatorID>C2C96140-2E49-AB26-2219-35C277BF0654</generatorID>
<ownerDesignName>Modelo_Base_De_Datos</ownerDesignName>
<referredTableLongName>rol</referredTableLongName>
<deleteRule>NO ACTION</deleteRule>
<referredTableID>55F015A4-E711-A956-D4DC-A48CD7DF819B</referredTableID>
<keyObject>F2EF3A81-88D6-4D25-5CCC-5CFFA7F44376</keyObject>
<referredKeyID>F2EF3A81-88D6-4D25-5CCC-5CFFA7F44376</referredKeyID>
<mandatory>true</mandatory>
<refColNames>id_rol</refColNames>
<transferable>true</transferable>
<rely>false</rely>
<columnDependencyConstraintGenerateInDDL>true</columnDependencyConstraintGenerateInDDL>
</FKIndexAssociation>