<?xml version = '1.0' encoding = 'UTF-8'?>
<Diagram class="oracle.dbtools.crest.swingui.relational.DPVRelational" name="Relational_1" id="E835D23B-D69C-D209-D70C-E4A8E459146B">
<createdBy>David</createdBy>
<modifiedBy>David</modifiedBy>
<createdTime>2024-11-12 00:37:40 UTC</createdTime>
<autoRoute>false</autoRoute>
<boxInbox>true</boxInbox>
<showLegend>false</showLegend>
<showLabels>false</showLabels>
<showRelAttributes>false</showRelAttributes>
<gridEnabled>false</gridEnabled>
<showGrid>false</showGrid>
<diagramColor>-1</diagramColor>
<display>false</display>
<notation>1</notation>
<objectViews>
<OView class="oracle.dbtools.crest.swingui.relational.TVTable" oid="422086BC-04DE-42B7-B5EA-DD6DF053B59F" otype="Table" vid="BC117B13-8B7C-881C-6E15-460F2917D833">
<hideElementsInCurrentOnly>false</hideElementsInCurrentOnly>
<bounds x="136" y="368" width="310" height="240"/>
</OView>
<OView class="oracle.dbtools.crest.swingui.relational.TVTable" oid="490A7552-C8C7-0ABC-FC89-D1AFB9140388" otype="Table" vid="98D3F47D-8640-B380-200A-EC651CCF2830">
<hideElementsInCurrentOnly>false</hideElementsInCurrentOnly>
<bounds x="621" y="207" width="271" height="147"/>
</OView>
<OView class="oracle.dbtools.crest.swingui.relational.TVTable" oid="55F015A4-E711-A956-D4DC-A48CD7DF819B" otype="Table" vid="8EB4A9F0-5737-6302-085A-CED114B7E230">
<hideElementsInCurrentOnly>false</hideElementsInCurrentOnly>
<bounds x="834" y="410" width="270" height="151"/>
</OView>
<OView class="oracle.dbtools.crest.swingui.relational.TVTable" oid="6531E187-E741-ADF3-6DC7-8775EAA96ABC" otype="Table" vid="CD4EE712-ABD4-F84C-A55C-EC0E31BDBA48">
<hideElementsInCurrentOnly>false</hideElementsInCurrentOnly>
<bounds x="592" y="76" width="254" height="93"/>
</OView>
<OView class="oracle.dbtools.crest.swingui.relational.TVTable" oid="6EEE6554-EB72-2FC6-095F-620B5AC681A4" otype="Table" vid="C1CB25BA-A829-2FA6-60CE-8CD18DE5B021">
<hideElementsInCurrentOnly>false</hideElementsInCurrentOnly>
<bounds x="9" y="191" width="255" height="145"/>
</OView>
<OView class="oracle.dbtools.crest.swingui.relational.TVTable" oid="96867B54-634A-AF96-7D0D-102F7DE380F7" otype="Table" vid="1EA46919-2571-3339-702F-F6577EB8C266">
<hideElementsInCurrentOnly>false</hideElementsInCurrentOnly>
<bounds x="528" y="396" width="271" height="198"/>
</OView>
<OView class="oracle.dbtools.crest.swingui.relational.TVTable" oid="9B09A772-5036-BB9E-7493-A297EE85B5C4" otype="Table" vid="5EB5DC97-7A36-B1CC-0077-2E22970DD4DD">
<hideElementsInCurrentOnly>false</hideElementsInCurrentOnly>
<bounds x="284" y="191" width="230" height="150"/>
</OView>
<OView class="oracle.dbtools.crest.swingui.relational.TVTable" oid="EC8A6E46-E7E2-2257-9E21-C33D195BEF79" otype="Table" vid="16AFDF20-C53A-4A37-DEEB-3FADFD6E22BC">
<hideElementsInCurrentOnly>false</hideElementsInCurrentOnly>
<bounds x="134" y="28" width="307" height="139"/>
</OView>
</objectViews>
<connectors>
<Connector class="oracle.dbtools.crest.swingui.relational.TVFKRelation" oid="20414748-3BF1-13B7-770F-7346E321BD84" otype="FKIndexAssociation" vid_source="5EB5DC97-7A36-B1CC-0077-2E22970DD4DD" vid_target="BC117B13-8B7C-881C-6E15-460F2917D833">
<hideElementsInCurrentOnly>false</hideElementsInCurrentOnly>
<backgroundColor>-16777216</backgroundColor>
<lineWidth>1</lineWidth>
<points>
<point x="365" y="341"/>
<point x="365" y="368"/>
</points>
</Connector>
<Connector class="oracle.dbtools.crest.swingui.relational.TVFKRelation" oid="2A33D7EF-1522-2044-90F3-64BB1F5E6701" otype="FKIndexAssociation" vid_source="CD4EE712-ABD4-F84C-A55C-EC0E31BDBA48" vid_target="16AFDF20-C53A-4A37-DEEB-3FADFD6E22BC">
<hideElementsInCurrentOnly>false</hideElementsInCurrentOnly>
<backgroundColor>-16777216</backgroundColor>
<lineWidth>1</lineWidth>
<points>
<point x="592" y="121"/>
<point x="441" y="121"/>
</points>
</Connector>
<Connector class="oracle.dbtools.crest.swingui.relational.TVFKRelation" oid="54804831-AF1A-99D3-2274-5C05A42735AD" otype="FKIndexAssociation" vid_source="C1CB25BA-A829-2FA6-60CE-8CD18DE5B021" vid_target="BC117B13-8B7C-881C-6E15-460F2917D833">
<hideElementsInCurrentOnly>false</hideElementsInCurrentOnly>
<backgroundColor>-16777216</backgroundColor>
<lineWidth>1</lineWidth>
<points>
<point x="200" y="336"/>
<point x="200" y="368"/>
</points>
</Connector>
<Connector class="oracle.dbtools.crest.swingui.relational.TVFKRelation" oid="61CCF947-642C-41A3-3971-FB6352197B57" otype="FKIndexAssociation" vid_source="16AFDF20-C53A-4A37-DEEB-3FADFD6E22BC" vid_target="C1CB25BA-A829-2FA6-60CE-8CD18DE5B021">
<hideElementsInCurrentOnly>false</hideElementsInCurrentOnly>
<backgroundColor>-16777216</backgroundColor>
<lineWidth>1</lineWidth>
<points>
<point x="199" y="167"/>
<point x="199" y="191"/>
</points>
</Connector>
<Connector class="oracle.dbtools.crest.swingui.relational.TVFKRelation" oid="670CD282-2C0E-274C-9275-BB376CE65365" otype="FKIndexAssociation" vid_source="16AFDF20-C53A-4A37-DEEB-3FADFD6E22BC" vid_target="5EB5DC97-7A36-B1CC-0077-2E22970DD4DD">
<hideElementsInCurrentOnly>false</hideElementsInCurrentOnly>
<backgroundColor>-16777216</backgroundColor>
<lineWidth>1</lineWidth>
<points>
<point x="362" y="167"/>
<point x="362" y="191"/>
</points>
</Connector>
<Connector class="oracle.dbtools.crest.swingui.relational.TVFKRelation" oid="8EF47D5A-2011-A508-963D-BD9B91D49B77" otype="FKIndexAssociation" vid_source="98D3F47D-8640-B380-200A-EC651CCF2830" vid_target="BC117B13-8B7C-881C-6E15-460F2917D833">
<hideElementsInCurrentOnly>false</hideElementsInCurrentOnly>
<backgroundColor>-16777216</backgroundColor>
<lineWidth>1</lineWidth>
<points>
<point x="621" y="340"/>
<point x="446" y="418"/>
</points>
</Connector>
<Connector class="oracle.dbtools.crest.swingui.relational.TVFKRelation" oid="B89ECC5B-CC17-D9B4-D3FE-5D733742FE34" otype="FKIndexAssociation" vid_source="16AFDF20-C53A-4A37-DEEB-3FADFD6E22BC" vid_target="98D3F47D-8640-B380-200A-EC651CCF2830">
<hideElementsInCurrentOnly>false</hideElementsInCurrentOnly>
<backgroundColor>-16777216</backgroundColor>
<lineWidth>1</lineWidth>
<points>
<point x="441" y="157"/>
<point x="621" y="227"/>
</points>
</Connector>
<Connector class="oracle.dbtools.crest.swingui.relational.TVFKRelation" oid="E37DCAB6-CF45-1BAF-3096-D7042CAE3A26" otype="FKIndexAssociation" vid_source="BC117B13-8B7C-881C-6E15-460F2917D833" vid_target="1EA46919-2571-3339-702F-F6577EB8C266">
<hideElementsInCurrentOnly>false</hideElementsInCurrentOnly>
<backgroundColor>-16777216</backgroundColor>
<lineWidth>1</lineWidth>
<points>
<point x="446" y="495"/>
<point x="528" y="495"/>
</points>
</Connector>
<Connector class="oracle.dbtools.crest.swingui.relational.TVFKRelation" oid="F12E3B42-26C2-CE0B-7547-89EF3A0FB0A5" otype="FKIndexAssociation" vid_source="8EB4A9F0-5737-6302-085A-CED114B7E230" vid_target="1EA46919-2571-3339-702F-F6577EB8C266">
<hideElementsInCurrentOnly>false</hideElementsInCurrentOnly>
<backgroundColor>-16777216</backgroundColor>
<lineWidth>1</lineWidth>
<points>
<point x="834" y="485"/>
<point x="799" y="485"/>
</points>
</Connector>
</connectors>
</Diagram>