<?xml version = '1.0' encoding = 'UTF-8'?>
<Entity class="oracle.dbtools.crest.model.design.logical.Entity" directorySegmentName="seg_0" id="2F1CBD2A-BB48-958B-7349-DB4B4F52328A" name="Producto">
<createdBy>David</createdBy>
<createdTime>2024-11-12 00:05:51 UTC</createdTime>
<ownerDesignName>Modelo_Base_De_Datos</ownerDesignName>
<engineerTo>
<item key="1DA7B867-9E07-88C7-FEFE-5B6F27C1B7ED" value="true"/>
</engineerTo>
<adequatelyNormalized>NO</adequatelyNormalized>
<expectedVolumes>0</expectedVolumes>
<fwdEngineeringStrategyName>Single Table</fwdEngineeringStrategyName>
<growthPercent>0</growthPercent>
<growthType>Year</growthType>
<maxVolumes>9999999</maxVolumes>
<minVolumes>0</minVolumes>
<normalForm>Third</normalForm>
<attributes itemClass="oracle.dbtools.crest.model.design.logical.Attribute">
<Attribute name="id_producto" id="F337DE4E-367F-4A17-2994-88D5824CF283">
<createdBy>David</createdBy>
<createdTime>2024-11-12 00:05:57 UTC</createdTime>
<ownerDesignName>Modelo_Base_De_Datos</ownerDesignName>
<engineerTo>
<item key="1DA7B867-9E07-88C7-FEFE-5B6F27C1B7ED" value="true"/>
</engineerTo>
<useDomainConstraints>false</useDomainConstraints>
<use>1</use>
<logicalDatatype>LOGDT011</logicalDatatype>
<ownDataTypeParameters>,,</ownDataTypeParameters>
</Attribute>
<Attribute name="nombre_producto" id="B99818C9-C272-6327-2F1C-B4895EBF88D3">
<createdBy>David</createdBy>
<createdTime>2024-11-12 00:06:13 UTC</createdTime>
<ownerDesignName>Modelo_Base_De_Datos</ownerDesignName>
<engineerTo>
<item key="1DA7B867-9E07-88C7-FEFE-5B6F27C1B7ED" value="true"/>
</engineerTo>
<useDomainConstraints>false</useDomainConstraints>
<use>1</use>
<logicalDatatype>LOGDT024</logicalDatatype>
<dataTypeSize>500</dataTypeSize>
<ownDataTypeParameters>500,,</ownDataTypeParameters>
</Attribute>
<Attribute name="stock" id="92C935CE-EC69-2FC8-F468-1323B1344064">
<createdBy>David</createdBy>
<createdTime>2024-11-12 00:06:24 UTC</createdTime>
<ownerDesignName>Modelo_Base_De_Datos</ownerDesignName>
<engineerTo>
<item key="1DA7B867-9E07-88C7-FEFE-5B6F27C1B7ED" value="true"/>
</engineerTo>
<useDomainConstraints>false</useDomainConstraints>
<use>1</use>
<logicalDatatype>LOGDT011</logicalDatatype>
<ownDataTypeParameters>,,</ownDataTypeParameters>
</Attribute>
<Attribute name="codigo" id="3C3BAC47-F9E2-D335-C16C-6EDCCA71A08B">
<createdBy>David</createdBy>
<createdTime>2024-11-12 00:06:40 UTC</createdTime>
<ownerDesignName>Modelo_Base_De_Datos</ownerDesignName>
<engineerTo>
<item key="1DA7B867-9E07-88C7-FEFE-5B6F27C1B7ED" value="true"/>
</engineerTo>
<useDomainConstraints>false</useDomainConstraints>
<use>1</use>
<logicalDatatype>LOGDT024</logicalDatatype>
<dataTypeSize>500</dataTypeSize>
<ownDataTypeParameters>500,,</ownDataTypeParameters>
</Attribute>
<Attribute name="id_categoria" id="B3DB767C-D9EC-F562-60A3-C27EF3E2A5B7">
<createdBy>David</createdBy>
<createdTime>2024-11-12 00:08:18 UTC</createdTime>
<generatorID>C97DD3A0-1967-B1E5-1017-423761105204</generatorID>
<ownerDesignName>Modelo_Base_De_Datos</ownerDesignName>
<engineerTo>
<item key="1DA7B867-9E07-88C7-FEFE-5B6F27C1B7ED" value="true"/>
</engineerTo>
<referedAttribute>5B4A0E7B-C4F4-4293-92A4-3829267E18CA</referedAttribute>
<useDomainConstraints>false</useDomainConstraints>
<use>1</use>
<logicalDatatype>LOGDT011</logicalDatatype>
<ownDataTypeParameters>,,</ownDataTypeParameters>
</Attribute>
</attributes>
<identifiers itemClass="oracle.dbtools.crest.model.design.logical.CandidateKey">
<identifier id="C3AADE11-8217-86B4-C0B1-2BAB0C2D6060" name="Producto PK">
<createdBy>David</createdBy>
<createdTime>2024-11-12 00:06:12 UTC</createdTime>
<ownerDesignName>Modelo_Base_De_Datos</ownerDesignName>
<shouldEngineer>false</shouldEngineer>
<engineerTo>
<item key="1DA7B867-9E07-88C7-FEFE-5B6F27C1B7ED" value="false"/>
</engineerTo>
<pk>true</pk>
<usedAttributes>
<attributeRef>F337DE4E-367F-4A17-2994-88D5824CF283</attributeRef>
</usedAttributes>
</identifier>
</identifiers>
</Entity>