<?xml version = '1.0' encoding = 'UTF-8'?>
<Entity class="oracle.dbtools.crest.model.design.logical.Entity" directorySegmentName="seg_0" id="32C5D107-57B4-E59C-671C-1BBD963AFFF9" name="Usuario">
<createdBy>David</createdBy>
<createdTime>2024-11-12 00:27:04 UTC</createdTime>
<ownerDesignName>Modelo_Base_De_Datos</ownerDesignName>
<engineerTo>
<item key="1DA7B867-9E07-88C7-FEFE-5B6F27C1B7ED" value="true"/>
</engineerTo>
<adequatelyNormalized>NO</adequatelyNormalized>
<expectedVolumes>0</expectedVolumes>
<fwdEngineeringStrategyName>Single Table</fwdEngineeringStrategyName>
<growthPercent>0</growthPercent>
<growthType>Year</growthType>
<maxVolumes>9999999</maxVolumes>
<minVolumes>0</minVolumes>
<normalForm>Third</normalForm>
<attributes itemClass="oracle.dbtools.crest.model.design.logical.Attribute">
<Attribute name="usuario_id" id="767ECA76-F530-C58F-1E11-EB09DB75C98D">
<createdBy>David</createdBy>
<createdTime>2024-11-12 00:27:11 UTC</createdTime>
<ownerDesignName>Modelo_Base_De_Datos</ownerDesignName>
<engineerTo>
<item key="1DA7B867-9E07-88C7-FEFE-5B6F27C1B7ED" value="true"/>
</engineerTo>
<useDomainConstraints>false</useDomainConstraints>
<use>1</use>
<logicalDatatype>LOGDT011</logicalDatatype>
<ownDataTypeParameters>,,</ownDataTypeParameters>
</Attribute>
<Attribute name="nombre" id="B878A9F2-A856-3CAF-7FF6-ACC1D40E59D7">
<createdBy>David</createdBy>
<createdTime>2024-11-12 00:27:26 UTC</createdTime>
<ownerDesignName>Modelo_Base_De_Datos</ownerDesignName>
<engineerTo>
<item key="1DA7B867-9E07-88C7-FEFE-5B6F27C1B7ED" value="true"/>
</engineerTo>
<useDomainConstraints>false</useDomainConstraints>
<use>1</use>
<logicalDatatype>LOGDT024</logicalDatatype>
<dataTypeSize>500</dataTypeSize>
<ownDataTypeParameters>500,,</ownDataTypeParameters>
</Attribute>
<Attribute name="apellido" id="F9BE8CD4-3A32-5315-5C57-C4E4366222AB">
<createdBy>David</createdBy>
<createdTime>2024-11-12 00:27:36 UTC</createdTime>
<ownerDesignName>Modelo_Base_De_Datos</ownerDesignName>
<engineerTo>
<item key="1DA7B867-9E07-88C7-FEFE-5B6F27C1B7ED" value="true"/>
</engineerTo>
<useDomainConstraints>false</useDomainConstraints>
<use>1</use>
<logicalDatatype>LOGDT024</logicalDatatype>
<dataTypeSize>500</dataTypeSize>
<ownDataTypeParameters>500,,</ownDataTypeParameters>
</Attribute>
<Attribute name="correo" id="2AF9D530-6465-AF33-48D4-5ACD68A08627">
<createdBy>David</createdBy>
<createdTime>2024-11-12 00:27:45 UTC</createdTime>
<ownerDesignName>Modelo_Base_De_Datos</ownerDesignName>
<engineerTo>
<item key="1DA7B867-9E07-88C7-FEFE-5B6F27C1B7ED" value="true"/>
</engineerTo>
<nullsAllowed>true</nullsAllowed>
<useDomainConstraints>false</useDomainConstraints>
<use>1</use>
<logicalDatatype>LOGDT024</logicalDatatype>
<dataTypeSize>500</dataTypeSize>
<ownDataTypeParameters>500,,</ownDataTypeParameters>
</Attribute>
<Attribute name="telefono" id="ADE205F9-7739-6845-F8E8-EB553FC38592">
<createdBy>David</createdBy>
<createdTime>2024-11-12 00:27:54 UTC</createdTime>
<ownerDesignName>Modelo_Base_De_Datos</ownerDesignName>
<engineerTo>
<item key="1DA7B867-9E07-88C7-FEFE-5B6F27C1B7ED" value="true"/>
</engineerTo>
<useDomainConstraints>false</useDomainConstraints>
<use>1</use>
<logicalDatatype>LOGDT024</logicalDatatype>
<dataTypeSize>500</dataTypeSize>
<ownDataTypeParameters>500,,</ownDataTypeParameters>
</Attribute>
<Attribute name="Direccion" id="1124E32A-BE23-1C83-83C4-9C5426A164D1">
<createdBy>David</createdBy>
<createdTime>2024-11-12 00:28:13 UTC</createdTime>
<ownerDesignName>Modelo_Base_De_Datos</ownerDesignName>
<engineerTo>
<item key="1DA7B867-9E07-88C7-FEFE-5B6F27C1B7ED" value="true"/>
</engineerTo>
<useDomainConstraints>false</useDomainConstraints>
<use>1</use>
<logicalDatatype>LOGDT024</logicalDatatype>
<dataTypeSize>500</dataTypeSize>
<ownDataTypeParameters>500,,</ownDataTypeParameters>
</Attribute>
<Attribute name="id_rol" id="24DB23A7-B056-FE10-72E2-316E939A5685">
<createdBy>David</createdBy>
<createdTime>2024-11-12 00:28:59 UTC</createdTime>
<generatorID>C2C96140-2E49-AB26-2219-35C277BF0654</generatorID>
<ownerDesignName>Modelo_Base_De_Datos</ownerDesignName>
<engineerTo>
<item key="1DA7B867-9E07-88C7-FEFE-5B6F27C1B7ED" value="true"/>
</engineerTo>
<referedAttribute>501DB9D5-4DD3-EAD8-56DA-C97F1692F7CF</referedAttribute>
<useDomainConstraints>false</useDomainConstraints>
<use>1</use>
<logicalDatatype>LOGDT011</logicalDatatype>
<ownDataTypeParameters>,,</ownDataTypeParameters>
</Attribute>
<Attribute name="id_historial" id="D362B9D4-2CA2-31BF-6D33-BA2F13ACC148">
<createdBy>David</createdBy>
<createdTime>2024-11-12 00:29:11 UTC</createdTime>
<generatorID>A1DBA16A-E1D7-F374-39A3-F39ECF1C97DE</generatorID>
<ownerDesignName>Modelo_Base_De_Datos</ownerDesignName>
<engineerTo>
<item key="1DA7B867-9E07-88C7-FEFE-5B6F27C1B7ED" value="true"/>
</engineerTo>
<referedAttribute>30ABEF24-BCB5-9353-ED5D-875B2C7AD534</referedAttribute>
<useDomainConstraints>false</useDomainConstraints>
<use>1</use>
<logicalDatatype>LOGDT011</logicalDatatype>
<ownDataTypeParameters>,,</ownDataTypeParameters>
</Attribute>
</attributes>
<identifiers itemClass="oracle.dbtools.crest.model.design.logical.CandidateKey">
<identifier id="E5F9259F-2623-D3B5-3EB4-9CCEEE192104" name="Usuario PK">
<createdBy>David</createdBy>
<createdTime>2024-11-12 00:27:25 UTC</createdTime>
<ownerDesignName>Modelo_Base_De_Datos</ownerDesignName>
<shouldEngineer>false</shouldEngineer>
<engineerTo>
<item key="1DA7B867-9E07-88C7-FEFE-5B6F27C1B7ED" value="false"/>
</engineerTo>
<pk>true</pk>
<usedAttributes>
<attributeRef>767ECA76-F530-C58F-1E11-EB09DB75C98D</attributeRef>
</usedAttributes>
</identifier>
</identifiers>
</Entity>