<?xml version = '1.0' encoding = 'UTF-8'?>
<Entity class="oracle.dbtools.crest.model.design.logical.Entity" directorySegmentName="seg_0" id="9BDF3B69-8AC8-C676-5309-768D480DF5BE" name="Salidas">
<createdBy>David</createdBy>
<createdTime>2024-11-12 00:16:10 UTC</createdTime>
<ownerDesignName>Modelo_Base_De_Datos</ownerDesignName>
<engineerTo>
<item key="1DA7B867-9E07-88C7-FEFE-5B6F27C1B7ED" value="true"/>
</engineerTo>
<adequatelyNormalized>NO</adequatelyNormalized>
<expectedVolumes>0</expectedVolumes>
<fwdEngineeringStrategyName>Single Table</fwdEngineeringStrategyName>
<growthPercent>0</growthPercent>
<growthType>Year</growthType>
<maxVolumes>9999999</maxVolumes>
<minVolumes>0</minVolumes>
<normalForm>Third</normalForm>
<attributes itemClass="oracle.dbtools.crest.model.design.logical.Attribute">
<Attribute name="salida_id" id="5DE47E96-33BE-C9DB-F8AD-B1EE20DDA1CE">
<createdBy>David</createdBy>
<createdTime>2024-11-12 00:16:20 UTC</createdTime>
<ownerDesignName>Modelo_Base_De_Datos</ownerDesignName>
<engineerTo>
<item key="1DA7B867-9E07-88C7-FEFE-5B6F27C1B7ED" value="true"/>
</engineerTo>
<useDomainConstraints>false</useDomainConstraints>
<use>1</use>
<logicalDatatype>LOGDT011</logicalDatatype>
<ownDataTypeParameters>,,</ownDataTypeParameters>
</Attribute>
<Attribute name="cantidad" id="E76805F6-89AC-7F40-4CEF-E718AD77F2A7">
<createdBy>David</createdBy>
<createdTime>2024-11-12 00:16:30 UTC</createdTime>
<ownerDesignName>Modelo_Base_De_Datos</ownerDesignName>
<engineerTo>
<item key="1DA7B867-9E07-88C7-FEFE-5B6F27C1B7ED" value="true"/>
</engineerTo>
<useDomainConstraints>false</useDomainConstraints>
<use>1</use>
<logicalDatatype>LOGDT011</logicalDatatype>
<ownDataTypeParameters>,,</ownDataTypeParameters>
</Attribute>
<Attribute name="detalle" id="90828E91-B62B-46D0-A382-5826B3DC190F">
<createdBy>David</createdBy>
<createdTime>2024-11-12 00:16:46 UTC</createdTime>
<ownerDesignName>Modelo_Base_De_Datos</ownerDesignName>
<engineerTo>
<item key="1DA7B867-9E07-88C7-FEFE-5B6F27C1B7ED" value="true"/>
</engineerTo>
<useDomainConstraints>false</useDomainConstraints>
<use>1</use>
<logicalDatatype>LOGDT024</logicalDatatype>
<dataTypeSize>1000</dataTypeSize>
<ownDataTypeParameters>1000,,</ownDataTypeParameters>
</Attribute>
<Attribute name="fecha_salida" id="4823B8D0-BF6A-C7E4-3651-2863F14B6874">
<createdBy>David</createdBy>
<createdTime>2024-11-12 00:17:00 UTC</createdTime>
<ownerDesignName>Modelo_Base_De_Datos</ownerDesignName>
<engineerTo>
<item key="1DA7B867-9E07-88C7-FEFE-5B6F27C1B7ED" value="true"/>
</engineerTo>
<useDomainConstraints>false</useDomainConstraints>
<use>1</use>
<logicalDatatype>LOGDT007</logicalDatatype>
<ownDataTypeParameters>,,</ownDataTypeParameters>
</Attribute>
<Attribute name="id_producto" id="0F3B994A-6B07-B5D1-EC8A-8C610F4726C3">
<createdBy>David</createdBy>
<createdTime>2024-11-12 00:19:23 UTC</createdTime>
<generatorID>183028EA-D3A8-A9A4-E461-43CFAFC8C503</generatorID>
<ownerDesignName>Modelo_Base_De_Datos</ownerDesignName>
<engineerTo>
<item key="1DA7B867-9E07-88C7-FEFE-5B6F27C1B7ED" value="true"/>
</engineerTo>
<referedAttribute>F337DE4E-367F-4A17-2994-88D5824CF283</referedAttribute>
<useDomainConstraints>false</useDomainConstraints>
<use>1</use>
<logicalDatatype>LOGDT011</logicalDatatype>
<ownDataTypeParameters>,,</ownDataTypeParameters>
</Attribute>
</attributes>
<identifiers itemClass="oracle.dbtools.crest.model.design.logical.CandidateKey">
<identifier id="DF67CDF5-33F5-2ED2-864A-6F24770B4084" name="Salidas PK">
<createdBy>David</createdBy>
<createdTime>2024-11-12 00:16:29 UTC</createdTime>
<ownerDesignName>Modelo_Base_De_Datos</ownerDesignName>
<shouldEngineer>false</shouldEngineer>
<engineerTo>
<item key="1DA7B867-9E07-88C7-FEFE-5B6F27C1B7ED" value="false"/>
</engineerTo>
<pk>true</pk>
<usedAttributes>
<attributeRef>5DE47E96-33BE-C9DB-F8AD-B1EE20DDA1CE</attributeRef>
</usedAttributes>
</identifier>
</identifiers>
</Entity>