<?xml version = '1.0' encoding = 'UTF-8'?>
<Entity class="oracle.dbtools.crest.model.design.logical.Entity" directorySegmentName="seg_0" id="EB3893DB-227E-090A-F8DA-44B5E3E6EF86" name="Ingresos">
<createdBy>David</createdBy>
<createdTime>2024-11-12 00:13:00 UTC</createdTime>
<ownerDesignName>Modelo_Base_De_Datos</ownerDesignName>
<engineerTo>
<item key="1DA7B867-9E07-88C7-FEFE-5B6F27C1B7ED" value="true"/>
</engineerTo>
<adequatelyNormalized>NO</adequatelyNormalized>
<expectedVolumes>0</expectedVolumes>
<fwdEngineeringStrategyName>Single Table</fwdEngineeringStrategyName>
<growthPercent>0</growthPercent>
<growthType>Year</growthType>
<maxVolumes>9999999</maxVolumes>
<minVolumes>0</minVolumes>
<normalForm>Third</normalForm>
<attributes itemClass="oracle.dbtools.crest.model.design.logical.Attribute">
<Attribute name="id_ingreso" id="66EAD6FC-9300-481B-28E9-48A4CFDED6EF">
<createdBy>David</createdBy>
<createdTime>2024-11-12 00:13:08 UTC</createdTime>
<ownerDesignName>Modelo_Base_De_Datos</ownerDesignName>
<engineerTo>
<item key="1DA7B867-9E07-88C7-FEFE-5B6F27C1B7ED" value="true"/>
</engineerTo>
<useDomainConstraints>false</useDomainConstraints>
<use>1</use>
<logicalDatatype>LOGDT011</logicalDatatype>
<ownDataTypeParameters>,,</ownDataTypeParameters>
</Attribute>
<Attribute name="cantidad" id="9C30E44A-3B5D-199A-42FF-AEE3154B0C85">
<createdBy>David</createdBy>
<createdTime>2024-11-12 00:13:26 UTC</createdTime>
<ownerDesignName>Modelo_Base_De_Datos</ownerDesignName>
<engineerTo>
<item key="1DA7B867-9E07-88C7-FEFE-5B6F27C1B7ED" value="true"/>
</engineerTo>
<useDomainConstraints>false</useDomainConstraints>
<use>1</use>
<logicalDatatype>LOGDT011</logicalDatatype>
<ownDataTypeParameters>,,</ownDataTypeParameters>
</Attribute>
<Attribute name="detalle" id="1F0CE171-85E9-D467-B598-819DE349D9ED">
<createdBy>David</createdBy>
<createdTime>2024-11-12 00:14:16 UTC</createdTime>
<ownerDesignName>Modelo_Base_De_Datos</ownerDesignName>
<engineerTo>
<item key="1DA7B867-9E07-88C7-FEFE-5B6F27C1B7ED" value="true"/>
</engineerTo>
<useDomainConstraints>false</useDomainConstraints>
<use>1</use>
<logicalDatatype>LOGDT024</logicalDatatype>
<dataTypeSize>1000</dataTypeSize>
<ownDataTypeParameters>1000,,</ownDataTypeParameters>
</Attribute>
<Attribute name="fecha_ingreso" id="98469317-D750-796A-370E-BE54B66232D8">
<createdBy>David</createdBy>
<createdTime>2024-11-12 00:14:38 UTC</createdTime>
<ownerDesignName>Modelo_Base_De_Datos</ownerDesignName>
<engineerTo>
<item key="1DA7B867-9E07-88C7-FEFE-5B6F27C1B7ED" value="true"/>
</engineerTo>
<useDomainConstraints>false</useDomainConstraints>
<use>1</use>
<logicalDatatype>LOGDT007</logicalDatatype>
<ownDataTypeParameters>,,</ownDataTypeParameters>
</Attribute>
<Attribute name="id_producto" id="867257C5-F5E1-C7BD-023F-460E77F830CD">
<createdBy>David</createdBy>
<createdTime>2024-11-12 00:15:27 UTC</createdTime>
<generatorID>0F564474-C5A5-4360-0D70-F61C2516A8CA</generatorID>
<ownerDesignName>Modelo_Base_De_Datos</ownerDesignName>
<engineerTo>
<item key="1DA7B867-9E07-88C7-FEFE-5B6F27C1B7ED" value="true"/>
</engineerTo>
<referedAttribute>F337DE4E-367F-4A17-2994-88D5824CF283</referedAttribute>
<useDomainConstraints>false</useDomainConstraints>
<use>1</use>
<logicalDatatype>LOGDT011</logicalDatatype>
<ownDataTypeParameters>,,</ownDataTypeParameters>
</Attribute>
</attributes>
<identifiers itemClass="oracle.dbtools.crest.model.design.logical.CandidateKey">
<identifier id="A80AA02F-24CE-47D4-625B-DDB970ADC8EF" name="Ingresos PK">
<createdBy>David</createdBy>
<createdTime>2024-11-12 00:13:25 UTC</createdTime>
<ownerDesignName>Modelo_Base_De_Datos</ownerDesignName>
<shouldEngineer>false</shouldEngineer>
<engineerTo>
<item key="1DA7B867-9E07-88C7-FEFE-5B6F27C1B7ED" value="false"/>
</engineerTo>
<pk>true</pk>
<usedAttributes>
<attributeRef>66EAD6FC-9300-481B-28E9-48A4CFDED6EF</attributeRef>
</usedAttributes>
</identifier>
</identifiers>
</Entity>