<?xml version = '1.0' encoding = 'UTF-8'?>
<Table class="oracle.dbtools.crest.model.design.relational.Table" directorySegmentName="seg_0" id="422086BC-04DE-42B7-B5EA-DD6DF053B59F" name="Historial">
<createdBy>David</createdBy>
<createdTime>2024-11-12 00:37:40 UTC</createdTime>
<generatorID>31B7A3BC-C8A6-F816-00DC-57A8DE1E93FD</generatorID>
<ownerDesignName>Modelo_Base_De_Datos</ownerDesignName>
<allowColumnReorder>false</allowColumnReorder>
<existDependencyGenerateInDDl>true</existDependencyGenerateInDDl>
<parsed>true</parsed>
<columns itemClass="oracle.dbtools.crest.model.design.relational.Column">
<Column name="id_historial" id="5F7CC72B-C8D0-F42F-9A45-49743A0A8F86">
<createdBy>David</createdBy>
<createdTime>2024-11-12 00:37:40 UTC</createdTime>
<generatorID>30ABEF24-BCB5-9353-ED5D-875B2C7AD534</generatorID>
<ownerDesignName>Modelo_Base_De_Datos</ownerDesignName>
<useDomainConstraints>false</useDomainConstraints>
<use>1</use>
<logicalDatatype>LOGDT011</logicalDatatype>
<ownDataTypeParameters>,,</ownDataTypeParameters>
<autoIncrementCycle>false</autoIncrementCycle>
</Column>
<Column name="Ingresos_id_ingreso" id="B1DAAA14-31C4-7B62-B494-D8C0FE941077">
<createdBy>David</createdBy>
<createdTime>2024-11-12 00:37:40 UTC</createdTime>
<generatorID>3846691B-AB2C-D3EE-4B0E-1F5A7F382858</generatorID>
<ownerDesignName>Modelo_Base_De_Datos</ownerDesignName>
<useDomainConstraints>false</useDomainConstraints>
<use>1</use>
<logicalDatatype>LOGDT011</logicalDatatype>
<ownDataTypeParameters>,,</ownDataTypeParameters>
<previousColumn>false</previousColumn>
<autoIncrementCycle>false</autoIncrementCycle>
<associations>
<colAssociation fkAssociation="54804831-AF1A-99D3-2274-5C05A42735AD" referredColumn="B655C593-4F09-2304-06E7-2F68BA7332D7"/>
</associations>
</Column>
<Column name="Salidas_salida_id" id="E6B75419-786F-4DA6-AB3C-ABD71CDF4214">
<createdBy>David</createdBy>
<createdTime>2024-11-12 00:37:40 UTC</createdTime>
<generatorID>BA06546F-1CDA-462C-3791-FB099FB5634F</generatorID>
<ownerDesignName>Modelo_Base_De_Datos</ownerDesignName>
<useDomainConstraints>false</useDomainConstraints>
<use>1</use>
<logicalDatatype>LOGDT011</logicalDatatype>
<ownDataTypeParameters>,,</ownDataTypeParameters>
<previousColumn>false</previousColumn>
<autoIncrementCycle>false</autoIncrementCycle>
<associations>
<colAssociation fkAssociation="8EF47D5A-2011-A508-963D-BD9B91D49B77" referredColumn="53BE5F96-ACCD-0F7E-3005-0DABD177E273"/>
</associations>
</Column>
<Column name="tipo_movimiento" id="D4ED118C-E4A5-0B4F-9154-FF4BA93929AB">
<createdBy>David</createdBy>
<createdTime>2024-11-12 00:37:40 UTC</createdTime>
<generatorID>38AB9444-03DD-5FF6-B491-7BC53F961871</generatorID>
<ownerDesignName>Modelo_Base_De_Datos</ownerDesignName>
<useDomainConstraints>false</useDomainConstraints>
<use>1</use>
<logicalDatatype>LOGDT024</logicalDatatype>
<dataTypeSize>500</dataTypeSize>
<ownDataTypeParameters>500,,</ownDataTypeParameters>
<autoIncrementCycle>false</autoIncrementCycle>
</Column>
<Column name="fecha" id="8899EC5C-D990-A9DE-9B75-6C14BD458A6E">
<createdBy>David</createdBy>
<createdTime>2024-11-12 00:37:40 UTC</createdTime>
<generatorID>577EE8D1-3F96-6766-E1BB-10DE270C449E</generatorID>
<ownerDesignName>Modelo_Base_De_Datos</ownerDesignName>
<useDomainConstraints>false</useDomainConstraints>
<use>1</use>
<logicalDatatype>LOGDT007</logicalDatatype>
<ownDataTypeParameters>,,</ownDataTypeParameters>
<autoIncrementCycle>false</autoIncrementCycle>
</Column>
<Column name="id_producto" id="663E2DDF-463B-2EA4-3903-CA52C6FE79B8">
<createdBy>David</createdBy>
<createdTime>2024-11-12 00:37:40 UTC</createdTime>
<generatorID>15C0A060-D408-09D3-B6A6-7EE922C6AABA</generatorID>
<ownerDesignName>Modelo_Base_De_Datos</ownerDesignName>
<useDomainConstraints>false</useDomainConstraints>
<use>1</use>
<logicalDatatype>LOGDT011</logicalDatatype>
<ownDataTypeParameters>,,</ownDataTypeParameters>
<autoIncrementCycle>false</autoIncrementCycle>
</Column>
<Column name="cantidad" id="D3D1FAFC-7DB9-7428-8D89-28CE84985589">
<createdBy>David</createdBy>
<createdTime>2024-11-12 00:37:40 UTC</createdTime>
<generatorID>27680739-F646-ECE8-26EC-2B3C116BA923</generatorID>
<ownerDesignName>Modelo_Base_De_Datos</ownerDesignName>
<useDomainConstraints>false</useDomainConstraints>
<use>1</use>
<logicalDatatype>LOGDT011</logicalDatatype>
<ownDataTypeParameters>,,</ownDataTypeParameters>
<autoIncrementCycle>false</autoIncrementCycle>
</Column>
<Column name="id_usuario" id="7C818B71-286A-1215-E626-771EA7E0B025">
<createdBy>David</createdBy>
<createdTime>2024-11-12 00:37:40 UTC</createdTime>
<generatorID>D5B08C31-090C-3464-CFF4-33F5A95C6971</generatorID>
<ownerDesignName>Modelo_Base_De_Datos</ownerDesignName>
<useDomainConstraints>false</useDomainConstraints>
<use>1</use>
<logicalDatatype>LOGDT011</logicalDatatype>
<ownDataTypeParameters>,,</ownDataTypeParameters>
<autoIncrementCycle>false</autoIncrementCycle>
</Column>
<Column name="nombre_usuario" id="E10F6132-F69D-D388-AA8F-F9DF8BE79A8A">
<createdBy>David</createdBy>
<createdTime>2024-11-12 00:37:40 UTC</createdTime>
<generatorID>B6671258-E798-21C8-2735-1050198D6B22</generatorID>
<ownerDesignName>Modelo_Base_De_Datos</ownerDesignName>
<useDomainConstraints>false</useDomainConstraints>
<use>1</use>
<logicalDatatype>LOGDT024</logicalDatatype>
<dataTypeSize>500</dataTypeSize>
<ownDataTypeParameters>500,,</ownDataTypeParameters>
<autoIncrementCycle>false</autoIncrementCycle>
</Column>
<Column name="Modificacion_id_modificacion" id="FB456B81-8EBC-7057-66AC-40DA01BF44B3">
<createdBy>David</createdBy>
<createdTime>2024-11-12 00:48:37 UTC</createdTime>
<generatorID>51FDE3C2-976F-22B4-53C7-BDBE1C4626B2</generatorID>
<ownerDesignName>Modelo_Base_De_Datos</ownerDesignName>
<useDomainConstraints>false</useDomainConstraints>
<use>1</use>
<logicalDatatype>LOGDT011</logicalDatatype>
<ownDataTypeParameters>,,</ownDataTypeParameters>
<previousColumn>false</previousColumn>
<autoIncrementCycle>false</autoIncrementCycle>
<associations>
<colAssociation fkAssociation="20414748-3BF1-13B7-770F-7346E321BD84" referredColumn="77EF338D-C589-C1EB-2EE4-DF8239FF2899"/>
</associations>
</Column>
</columns>
<indexes itemClass="oracle.dbtools.crest.model.design.relational.Index">
<ind_PK_UK id="7D6C479D-0FF0-3124-7C08-677D54263C72" name="Historial_PK">
<createdBy>David</createdBy>
<createdTime>2024-11-12 00:37:40 UTC</createdTime>
<generatorID>A88A1FAA-915A-04D3-29A3-46CDD8F1A69C</generatorID>
<ownerDesignName>Modelo_Base_De_Datos</ownerDesignName>
<pk>true</pk>
<indexState>Primary Constraint</indexState>
<isSurrogateKey>false</isSurrogateKey>
<indexColumnUsage>
<colUsage columnID="5F7CC72B-C8D0-F42F-9A45-49743A0A8F86"/>
</indexColumnUsage>
</ind_PK_UK>
<ind_PK_UK id="36AE77B9-89A6-5589-2E56-C2B90ED35547" name="Historial_Ingresos_FK">
<createdBy>David</createdBy>
<createdTime>2024-11-12 00:37:40 UTC</createdTime>
<generatorID>BA3E9486-CEE9-EEBB-10A9-EFEC9D22B60D</generatorID>
<ownerDesignName>Modelo_Base_De_Datos</ownerDesignName>
<indexState>Foreign Key</indexState>
<isSurrogateKey>false</isSurrogateKey>
<indexColumnUsage>
<colUsage columnID="B1DAAA14-31C4-7B62-B494-D8C0FE941077"/>
</indexColumnUsage>
</ind_PK_UK>
<ind_PK_UK id="327732FE-28C4-262A-FD77-5322A3958681" name="Historial_Salidas_FK">
<createdBy>David</createdBy>
<createdTime>2024-11-12 00:37:40 UTC</createdTime>
<generatorID>70D37139-E20D-5D7E-9935-B8FC38FC9128</generatorID>
<ownerDesignName>Modelo_Base_De_Datos</ownerDesignName>
<indexState>Foreign Key</indexState>
<isSurrogateKey>false</isSurrogateKey>
<indexColumnUsage>
<colUsage columnID="E6B75419-786F-4DA6-AB3C-ABD71CDF4214"/>
</indexColumnUsage>
</ind_PK_UK>
<ind_PK_UK id="E730D369-6535-1BD1-BBAE-897CA8995731" name="Historial_Modificacion_FK">
<createdBy>David</createdBy>
<createdTime>2024-11-12 00:48:37 UTC</createdTime>
<generatorID>0F690434-C4E1-C50E-2BFF-1BB12C35F3D5</generatorID>
<ownerDesignName>Modelo_Base_De_Datos</ownerDesignName>
<indexState>Foreign Key</indexState>
<isSurrogateKey>false</isSurrogateKey>
<indexColumnUsage>
<colUsage columnID="FB456B81-8EBC-7057-66AC-40DA01BF44B3"/>
</indexColumnUsage>
</ind_PK_UK>
</indexes>
</Table>