<?xml version = '1.0' encoding = 'UTF-8'?>
<Table class="oracle.dbtools.crest.model.design.relational.Table" directorySegmentName="seg_0" id="490A7552-C8C7-0ABC-FC89-D1AFB9140388" name="Salidas">
<createdBy>David</createdBy>
<createdTime>2024-11-12 00:37:40 UTC</createdTime>
<generatorID>9BDF3B69-8AC8-C676-5309-768D480DF5BE</generatorID>
<ownerDesignName>Modelo_Base_De_Datos</ownerDesignName>
<allowColumnReorder>false</allowColumnReorder>
<existDependencyGenerateInDDl>true</existDependencyGenerateInDDl>
<parsed>true</parsed>
<columns itemClass="oracle.dbtools.crest.model.design.relational.Column">
<Column name="salida_id" id="53BE5F96-ACCD-0F7E-3005-0DABD177E273">
<createdBy>David</createdBy>
<createdTime>2024-11-12 00:37:40 UTC</createdTime>
<generatorID>5DE47E96-33BE-C9DB-F8AD-B1EE20DDA1CE</generatorID>
<ownerDesignName>Modelo_Base_De_Datos</ownerDesignName>
<useDomainConstraints>false</useDomainConstraints>
<use>1</use>
<logicalDatatype>LOGDT011</logicalDatatype>
<ownDataTypeParameters>,,</ownDataTypeParameters>
<autoIncrementCycle>false</autoIncrementCycle>
</Column>
<Column name="cantidad" id="BA302B40-0738-EA98-D66A-155DD890F591">
<createdBy>David</createdBy>
<createdTime>2024-11-12 00:37:40 UTC</createdTime>
<generatorID>E76805F6-89AC-7F40-4CEF-E718AD77F2A7</generatorID>
<ownerDesignName>Modelo_Base_De_Datos</ownerDesignName>
<useDomainConstraints>false</useDomainConstraints>
<use>1</use>
<logicalDatatype>LOGDT011</logicalDatatype>
<ownDataTypeParameters>,,</ownDataTypeParameters>
<autoIncrementCycle>false</autoIncrementCycle>
</Column>
<Column name="detalle" id="46D8E897-8661-4FAB-C27E-802B761C75BC">
<createdBy>David</createdBy>
<createdTime>2024-11-12 00:37:40 UTC</createdTime>
<generatorID>90828E91-B62B-46D0-A382-5826B3DC190F</generatorID>
<ownerDesignName>Modelo_Base_De_Datos</ownerDesignName>
<useDomainConstraints>false</useDomainConstraints>
<use>1</use>
<logicalDatatype>LOGDT024</logicalDatatype>
<dataTypeSize>1000</dataTypeSize>
<ownDataTypeParameters>1000,,</ownDataTypeParameters>
<autoIncrementCycle>false</autoIncrementCycle>
</Column>
<Column name="fecha_salida" id="972CC9B5-F2BF-DE93-5561-A8909079F49B">
<createdBy>David</createdBy>
<createdTime>2024-11-12 00:37:40 UTC</createdTime>
<generatorID>4823B8D0-BF6A-C7E4-3651-2863F14B6874</generatorID>
<ownerDesignName>Modelo_Base_De_Datos</ownerDesignName>
<useDomainConstraints>false</useDomainConstraints>
<use>1</use>
<logicalDatatype>LOGDT007</logicalDatatype>
<ownDataTypeParameters>,,</ownDataTypeParameters>
<autoIncrementCycle>false</autoIncrementCycle>
</Column>
<Column name="Producto_id_producto" id="7132CE20-D563-3954-53D8-8D233D33DF65">
<createdBy>David</createdBy>
<createdTime>2024-11-12 00:37:40 UTC</createdTime>
<generatorID>0F3B994A-6B07-B5D1-EC8A-8C610F4726C3</generatorID>
<ownerDesignName>Modelo_Base_De_Datos</ownerDesignName>
<useDomainConstraints>false</useDomainConstraints>
<use>1</use>
<logicalDatatype>LOGDT011</logicalDatatype>
<ownDataTypeParameters>,,</ownDataTypeParameters>
<previousColumn>false</previousColumn>
<autoIncrementCycle>false</autoIncrementCycle>
<associations>
<colAssociation fkAssociation="B89ECC5B-CC17-D9B4-D3FE-5D733742FE34" referredColumn="D58321E1-524B-FD42-3003-1B7030C019F5"/>
</associations>
</Column>
</columns>
<indexes itemClass="oracle.dbtools.crest.model.design.relational.Index">
<ind_PK_UK id="8A88F69A-E954-2BFA-4538-1D53A0944ADF" name="Salidas_PK">
<createdBy>David</createdBy>
<createdTime>2024-11-12 00:37:40 UTC</createdTime>
<generatorID>DF67CDF5-33F5-2ED2-864A-6F24770B4084</generatorID>
<ownerDesignName>Modelo_Base_De_Datos</ownerDesignName>
<pk>true</pk>
<indexState>Primary Constraint</indexState>
<isSurrogateKey>false</isSurrogateKey>
<indexColumnUsage>
<colUsage columnID="53BE5F96-ACCD-0F7E-3005-0DABD177E273"/>
</indexColumnUsage>
</ind_PK_UK>
<ind_PK_UK id="5605FCDC-14AE-9593-ABD9-B016DB164621" name="Salidas_Producto_FK">
<createdBy>David</createdBy>
<createdTime>2024-11-12 00:37:40 UTC</createdTime>
<generatorID>183028EA-D3A8-A9A4-E461-43CFAFC8C503</generatorID>
<ownerDesignName>Modelo_Base_De_Datos</ownerDesignName>
<indexState>Foreign Key</indexState>
<isSurrogateKey>false</isSurrogateKey>
<indexColumnUsage>
<colUsage columnID="7132CE20-D563-3954-53D8-8D233D33DF65"/>
</indexColumnUsage>
</ind_PK_UK>
</indexes>
</Table>