<?xml version = '1.0' encoding = 'UTF-8'?>
<Table class="oracle.dbtools.crest.model.design.relational.Table" directorySegmentName="seg_0" id="55F015A4-E711-A956-D4DC-A48CD7DF819B" name="rol">
<createdBy>David</createdBy>
<createdTime>2024-11-12 00:37:40 UTC</createdTime>
<generatorID>7306B80E-BED9-2EBD-7EA4-4D9CE359F888</generatorID>
<ownerDesignName>Modelo_Base_De_Datos</ownerDesignName>
<allowColumnReorder>false</allowColumnReorder>
<existDependencyGenerateInDDl>true</existDependencyGenerateInDDl>
<parsed>true</parsed>
<columns itemClass="oracle.dbtools.crest.model.design.relational.Column">
<Column name="id_rol" id="91A5088A-1D63-5998-19C1-FC5E13ECC73D">
<createdBy>David</createdBy>
<createdTime>2024-11-12 00:37:40 UTC</createdTime>
<generatorID>501DB9D5-4DD3-EAD8-56DA-C97F1692F7CF</generatorID>
<ownerDesignName>Modelo_Base_De_Datos</ownerDesignName>
<useDomainConstraints>false</useDomainConstraints>
<use>1</use>
<logicalDatatype>LOGDT011</logicalDatatype>
<ownDataTypeParameters>,,</ownDataTypeParameters>
<autoIncrementCycle>false</autoIncrementCycle>
</Column>
<Column name="nombre_rol" id="089122B8-5459-EF09-F253-1107B440E73F">
<createdBy>David</createdBy>
<createdTime>2024-11-12 00:37:40 UTC</createdTime>
<generatorID>3AC5A5E9-44B1-AAD0-1F73-3766ADDF9D14</generatorID>
<ownerDesignName>Modelo_Base_De_Datos</ownerDesignName>
<useDomainConstraints>false</useDomainConstraints>
<use>1</use>
<logicalDatatype>LOGDT024</logicalDatatype>
<dataTypeSize>500</dataTypeSize>
<ownDataTypeParameters>500,,</ownDataTypeParameters>
<autoIncrementCycle>false</autoIncrementCycle>
</Column>
</columns>
<indexes itemClass="oracle.dbtools.crest.model.design.relational.Index">
<ind_PK_UK id="F2EF3A81-88D6-4D25-5CCC-5CFFA7F44376" name="rol_PK">
<createdBy>David</createdBy>
<createdTime>2024-11-12 00:37:40 UTC</createdTime>
<generatorID>CA3F56E7-A2B6-7164-8A78-425DA2A4DBD8</generatorID>
<ownerDesignName>Modelo_Base_De_Datos</ownerDesignName>
<pk>true</pk>
<indexState>Primary Constraint</indexState>
<isSurrogateKey>false</isSurrogateKey>
<indexColumnUsage>
<colUsage columnID="91A5088A-1D63-5998-19C1-FC5E13ECC73D"/>
</indexColumnUsage>
</ind_PK_UK>
</indexes>
</Table>