<?xml version = '1.0' encoding = 'UTF-8'?>
<Table class="oracle.dbtools.crest.model.design.relational.Table" directorySegmentName="seg_0" id="6EEE6554-EB72-2FC6-095F-620B5AC681A4" name="Ingresos">
<createdBy>David</createdBy>
<createdTime>2024-11-12 00:37:40 UTC</createdTime>
<generatorID>EB3893DB-227E-090A-F8DA-44B5E3E6EF86</generatorID>
<ownerDesignName>Modelo_Base_De_Datos</ownerDesignName>
<allowColumnReorder>false</allowColumnReorder>
<existDependencyGenerateInDDl>true</existDependencyGenerateInDDl>
<parsed>true</parsed>
<columns itemClass="oracle.dbtools.crest.model.design.relational.Column">
<Column name="id_ingreso" id="B655C593-4F09-2304-06E7-2F68BA7332D7">
<createdBy>David</createdBy>
<createdTime>2024-11-12 00:37:40 UTC</createdTime>
<generatorID>66EAD6FC-9300-481B-28E9-48A4CFDED6EF</generatorID>
<ownerDesignName>Modelo_Base_De_Datos</ownerDesignName>
<useDomainConstraints>false</useDomainConstraints>
<use>1</use>
<logicalDatatype>LOGDT011</logicalDatatype>
<ownDataTypeParameters>,,</ownDataTypeParameters>
<autoIncrementCycle>false</autoIncrementCycle>
</Column>
<Column name="cantidad" id="ABCA13DA-AEE5-CB0B-3237-6E8E24CA7626">
<createdBy>David</createdBy>
<createdTime>2024-11-12 00:37:40 UTC</createdTime>
<generatorID>9C30E44A-3B5D-199A-42FF-AEE3154B0C85</generatorID>
<ownerDesignName>Modelo_Base_De_Datos</ownerDesignName>
<useDomainConstraints>false</useDomainConstraints>
<use>1</use>
<logicalDatatype>LOGDT011</logicalDatatype>
<ownDataTypeParameters>,,</ownDataTypeParameters>
<autoIncrementCycle>false</autoIncrementCycle>
</Column>
<Column name="detalle" id="1BB24C9B-DE95-30C7-110D-390EAA1023C9">
<createdBy>David</createdBy>
<createdTime>2024-11-12 00:37:40 UTC</createdTime>
<generatorID>1F0CE171-85E9-D467-B598-819DE349D9ED</generatorID>
<ownerDesignName>Modelo_Base_De_Datos</ownerDesignName>
<useDomainConstraints>false</useDomainConstraints>
<use>1</use>
<logicalDatatype>LOGDT024</logicalDatatype>
<dataTypeSize>1000</dataTypeSize>
<ownDataTypeParameters>1000,,</ownDataTypeParameters>
<autoIncrementCycle>false</autoIncrementCycle>
</Column>
<Column name="fecha_ingreso" id="34D8D944-37C7-F14E-D287-68672D590EB8">
<createdBy>David</createdBy>
<createdTime>2024-11-12 00:37:40 UTC</createdTime>
<generatorID>98469317-D750-796A-370E-BE54B66232D8</generatorID>
<ownerDesignName>Modelo_Base_De_Datos</ownerDesignName>
<useDomainConstraints>false</useDomainConstraints>
<use>1</use>
<logicalDatatype>LOGDT007</logicalDatatype>
<ownDataTypeParameters>,,</ownDataTypeParameters>
<autoIncrementCycle>false</autoIncrementCycle>
</Column>
<Column name="Producto_id_producto" id="D6F68999-DCBD-C0F1-AAD6-C46C06D61003">
<createdBy>David</createdBy>
<createdTime>2024-11-12 00:37:40 UTC</createdTime>
<generatorID>867257C5-F5E1-C7BD-023F-460E77F830CD</generatorID>
<ownerDesignName>Modelo_Base_De_Datos</ownerDesignName>
<useDomainConstraints>false</useDomainConstraints>
<use>1</use>
<logicalDatatype>LOGDT011</logicalDatatype>
<ownDataTypeParameters>,,</ownDataTypeParameters>
<previousColumn>false</previousColumn>
<autoIncrementCycle>false</autoIncrementCycle>
<associations>
<colAssociation fkAssociation="61CCF947-642C-41A3-3971-FB6352197B57" referredColumn="D58321E1-524B-FD42-3003-1B7030C019F5"/>
</associations>
</Column>
</columns>
<indexes itemClass="oracle.dbtools.crest.model.design.relational.Index">
<ind_PK_UK id="D72EF3A1-4F78-5BEA-C725-43FB769031A6" name="Ingresos_PK">
<createdBy>David</createdBy>
<createdTime>2024-11-12 00:37:40 UTC</createdTime>
<generatorID>A80AA02F-24CE-47D4-625B-DDB970ADC8EF</generatorID>
<ownerDesignName>Modelo_Base_De_Datos</ownerDesignName>
<pk>true</pk>
<indexState>Primary Constraint</indexState>
<isSurrogateKey>false</isSurrogateKey>
<indexColumnUsage>
<colUsage columnID="B655C593-4F09-2304-06E7-2F68BA7332D7"/>
</indexColumnUsage>
</ind_PK_UK>
<ind_PK_UK id="6920583B-98A8-47EA-4449-834EA122DCCA" name="Ingresos_Producto_FK">
<createdBy>David</createdBy>
<createdTime>2024-11-12 00:37:40 UTC</createdTime>
<generatorID>0F564474-C5A5-4360-0D70-F61C2516A8CA</generatorID>
<ownerDesignName>Modelo_Base_De_Datos</ownerDesignName>
<indexState>Foreign Key</indexState>
<isSurrogateKey>false</isSurrogateKey>
<indexColumnUsage>
<colUsage columnID="D6F68999-DCBD-C0F1-AAD6-C46C06D61003"/>
</indexColumnUsage>
</ind_PK_UK>
</indexes>
</Table>