<?xml version = '1.0' encoding = 'UTF-8'?>
<Table class="oracle.dbtools.crest.model.design.relational.Table" directorySegmentName="seg_0" id="9B09A772-5036-BB9E-7493-A297EE85B5C4" name="Modificacion">
<createdBy>David</createdBy>
<createdTime>2024-11-12 00:48:37 UTC</createdTime>
<generatorID>D8726599-29F3-A56A-0D34-7A011080EE70</generatorID>
<ownerDesignName>Modelo_Base_De_Datos</ownerDesignName>
<allowColumnReorder>false</allowColumnReorder>
<existDependencyGenerateInDDl>true</existDependencyGenerateInDDl>
<parsed>true</parsed>
<columns itemClass="oracle.dbtools.crest.model.design.relational.Column">
<Column name="id_modificacion" id="77EF338D-C589-C1EB-2EE4-DF8239FF2899">
<createdBy>David</createdBy>
<createdTime>2024-11-12 00:48:37 UTC</createdTime>
<generatorID>FBCAB72A-C53F-2B68-7291-7D436B4096FD</generatorID>
<ownerDesignName>Modelo_Base_De_Datos</ownerDesignName>
<useDomainConstraints>false</useDomainConstraints>
<use>1</use>
<logicalDatatype>LOGDT011</logicalDatatype>
<ownDataTypeParameters>,,</ownDataTypeParameters>
<autoIncrementCycle>false</autoIncrementCycle>
</Column>
<Column name="fecha_modificacion" id="9C513040-8754-A61B-C5C8-7950C03D71A5">
<createdBy>David</createdBy>
<createdTime>2024-11-12 00:48:37 UTC</createdTime>
<generatorID>23C5E0AB-89A4-7221-6526-9BB6BC89A66A</generatorID>
<ownerDesignName>Modelo_Base_De_Datos</ownerDesignName>
<useDomainConstraints>false</useDomainConstraints>
<use>1</use>
<logicalDatatype>LOGDT007</logicalDatatype>
<ownDataTypeParameters>,,</ownDataTypeParameters>
<autoIncrementCycle>false</autoIncrementCycle>
</Column>
<Column name="razon" id="63445CCE-A7C7-E356-B28B-40B5CF245211">
<createdBy>David</createdBy>
<createdTime>2024-11-12 00:48:37 UTC</createdTime>
<generatorID>70398A84-6D92-E2A4-1EDD-3499468BBB83</generatorID>
<ownerDesignName>Modelo_Base_De_Datos</ownerDesignName>
<useDomainConstraints>false</useDomainConstraints>
<use>1</use>
<logicalDatatype>LOGDT024</logicalDatatype>
<dataTypeSize>500</dataTypeSize>
<ownDataTypeParameters>500,,</ownDataTypeParameters>
<autoIncrementCycle>false</autoIncrementCycle>
</Column>
<Column name="cantidad_anterior" id="91C15650-E9C7-5A81-5AC1-A9DBE0083FBE">
<createdBy>David</createdBy>
<createdTime>2024-11-12 00:48:37 UTC</createdTime>
<generatorID>E8AD3EC5-215E-C876-DFDE-65F0D480FBDB</generatorID>
<ownerDesignName>Modelo_Base_De_Datos</ownerDesignName>
<useDomainConstraints>false</useDomainConstraints>
<use>1</use>
<logicalDatatype>LOGDT011</logicalDatatype>
<ownDataTypeParameters>,,</ownDataTypeParameters>
<autoIncrementCycle>false</autoIncrementCycle>
</Column>
<Column name="nueva_cantidad" id="AA39B260-3371-6003-C07B-162023D89956">
<createdBy>David</createdBy>
<createdTime>2024-11-12 00:48:37 UTC</createdTime>
<generatorID>7022F4F3-B085-F6D0-6D9D-89B3B4DB62AC</generatorID>
<ownerDesignName>Modelo_Base_De_Datos</ownerDesignName>
<useDomainConstraints>false</useDomainConstraints>
<use>1</use>
<logicalDatatype>LOGDT011</logicalDatatype>
<ownDataTypeParameters>,,</ownDataTypeParameters>
<autoIncrementCycle>false</autoIncrementCycle>
</Column>
<Column name="Producto_id_producto" id="7873F6A6-90BB-0442-BA8A-073221372496">
<createdBy>David</createdBy>
<createdTime>2024-11-12 00:48:37 UTC</createdTime>
<generatorID>EC6F1525-8734-7794-3796-E6B2340A5FE3</generatorID>
<ownerDesignName>Modelo_Base_De_Datos</ownerDesignName>
<useDomainConstraints>false</useDomainConstraints>
<use>1</use>
<logicalDatatype>LOGDT011</logicalDatatype>
<ownDataTypeParameters>,,</ownDataTypeParameters>
<previousColumn>false</previousColumn>
<autoIncrementCycle>false</autoIncrementCycle>
<associations>
<colAssociation fkAssociation="670CD282-2C0E-274C-9275-BB376CE65365" referredColumn="D58321E1-524B-FD42-3003-1B7030C019F5"/>
</associations>
</Column>
</columns>
<indexes itemClass="oracle.dbtools.crest.model.design.relational.Index">
<ind_PK_UK id="F1234912-D40F-1204-016C-00CF40E9A249" name="Modificacion_PK">
<createdBy>David</createdBy>
<createdTime>2024-11-12 00:48:37 UTC</createdTime>
<generatorID>56049CB7-2C71-BBE7-E6A8-D8B35E2AEF3E</generatorID>
<ownerDesignName>Modelo_Base_De_Datos</ownerDesignName>
<pk>true</pk>
<indexState>Primary Constraint</indexState>
<isSurrogateKey>false</isSurrogateKey>
<indexColumnUsage>
<colUsage columnID="77EF338D-C589-C1EB-2EE4-DF8239FF2899"/>
</indexColumnUsage>
</ind_PK_UK>
<ind_PK_UK id="4ADA2343-04FA-BD74-6050-5E8DB48EE111" name="Modificacion_Producto_FK">
<createdBy>David</createdBy>
<createdTime>2024-11-12 00:48:37 UTC</createdTime>
<generatorID>09EAE207-54FA-E069-2D91-2BF6DEDBC136</generatorID>
<ownerDesignName>Modelo_Base_De_Datos</ownerDesignName>
<indexState>Foreign Key</indexState>
<isSurrogateKey>false</isSurrogateKey>
<indexColumnUsage>
<colUsage columnID="7873F6A6-90BB-0442-BA8A-073221372496"/>
</indexColumnUsage>
</ind_PK_UK>
</indexes>
</Table>