<?xml version = '1.0' encoding = 'UTF-8'?>
<relationalModel class="oracle.dbtools.crest.model.design.relational.RelationalDesign" name="Relational_1" id="1DA7B867-9E07-88C7-FEFE-5B6F27C1B7ED" mainViewID="E835D23B-D69C-D209-D70C-E4A8E459146B">
<createdBy>David</createdBy>
<createdTime>2024-11-11 23:55:23 UTC</createdTime>
<ownerDesignName>Modelo_Base_De_Datos</ownerDesignName>
<shouldBeOpen>false</shouldBeOpen>
<selectedRDBMSSite>32076570-2523-435C-2E92-BF29817DFF70</selectedRDBMSSite>
</relationalModel>